{
  "best_metric": 0.6743962168693542,
  "best_model_checkpoint": "./results\\checkpoint-666",
  "epoch": 3.0,
  "eval_steps": 500,
  "global_step": 999,
  "is_hyper_param_search": false,
  "is_local_process_zero": true,
  "is_world_process_zero": true,
  "log_history": [
    {
      "epoch": 1.0,
      "eval_accuracy": 0.7205108940646131,
      "eval_f1": 0.7067274426948981,
      "eval_loss": 0.7327094078063965,
      "eval_precision": 0.7156005071032183,
      "eval_recall": 0.7205108940646131,
      "eval_runtime": 79.4895,
      "eval_samples_per_second": 16.744,
      "eval_steps_per_second": 1.057,
      "step": 333
    },
    {
      "epoch": 1.5015015015015014,
      "grad_norm": 3.44669508934021,
      "learning_rate": 9.989989989989992e-06,
      "loss": 0.8699,
      "step": 500
    },
    {
      "epoch": 2.0,
      "eval_accuracy": 0.7430503380916604,
      "eval_f1": 0.7396421320465026,
      "eval_loss": 0.6743962168693542,
      "eval_precision": 0.7496977820770945,
      "eval_recall": 0.7430503380916604,
      "eval_runtime": 81.3762,
      "eval_samples_per_second": 16.356,
      "eval_steps_per_second": 1.032,
      "step": 666
    },
    {
      "epoch": 3.0,
      "eval_accuracy": 0.7430503380916604,
      "eval_f1": 0.7405914512108319,
      "eval_loss": 0.7042018175125122,
      "eval_precision": 0.7442862469373014,
      "eval_recall": 0.7430503380916604,
      "eval_runtime": 81.7117,
      "eval_samples_per_second": 16.289,
      "eval_steps_per_second": 1.028,
      "step": 999
    }
  ],
  "logging_steps": 500,
  "max_steps": 999,
  "num_input_tokens_seen": 0,
  "num_train_epochs": 3,
  "save_steps": 500,
  "stateful_callbacks": {
    "TrainerControl": {
      "args": {
        "should_epoch_stop": false,
        "should_evaluate": false,
        "should_log": false,
        "should_save": true,
        "should_training_stop": true
      },
      "attributes": {}
    }
  },
  "total_flos": 528582624030720.0,
  "train_batch_size": 16,
  "trial_name": null,
  "trial_params": null
}
